Sol_EAR,Sag_EAR,Etiket
0.3476578666817733,0.35165272101287837,0
0.3500323079969629,0.3392935738227898,0
0.34853064144925355,0.32298033012160504,0
0.33980979290898833,0.3115905890344052,0
0.33804386959124677,0.31187467797436763,0
0.33228894568849665,0.32346887232733856,0
0.32767155033495143,0.32280535140356403,0
0.3263445579578576,0.3258791235195802,0
0.3234749844401982,0.32786463049358955,0
0.32338890641795504,0.3273726488396838,0
0.3214686203589811,0.32604300807043746,0
0.3189818788207476,0.32374804283545766,0
0.3147765892049227,0.3232099226205158,0
0.31325755236574593,0.32164245473036873,0
0.3198567726861821,0.3224661393120586,0
0.31768642336998526,0.3220873186218019,0
0.32188123757293635,0.3234415212895195,0
0.3203101499246459,0.3239824592606044,0
0.3183261654797747,0.31103191190857027,0
0.28320446089940265,0.2919228807034462,0
0.2748932444820592,0.28125208839513993,0
0.27028596908440944,0.2741124552144492,0
0.2618359501174541,0.2727883448560962,0
0.2616014498476482,0.27331654250316034,0
0.2625367841262682,0.2726482023228518,0
0.2611598117452026,0.2719660976385563,0
0.2567113881785337,0.27268660505043446,0
0.260450517591658,0.2708609652414471,0
0.2589457773195518,0.273424252390318,0
0.2601182468688998,0.27380365075047636,0
0.26125630718928916,0.2777027608803468,0
0.26169015313074795,0.2785048510220187,0
0.2571097277236109,0.2737413537853193,0
0.25517438230094674,0.2731055407040022,0
0.25698631058855637,0.2729204257174107,0
0.25930629088398965,0.27061472463412684,0
0.261154859425397,0.2747119132867968,0
0.2663946142541219,0.2714568100356951,0
0.26620133142563257,0.27414466050124797,0
0.2664707516688005,0.26906011416987474,0
0.26698727308742837,0.27024313673000044,0
0.26724820900748153,0.27172573064495403,0
0.2636087420763722,0.27622189723106827,0
0.2669530574530918,0.27275628206652575,0
0.25857850044362674,0.27333321295406965,0
0.2614375400156937,0.2679588459951337,0
0.2584855183692414,0.2674639738439388,0
0.26687247611486914,0.26835484011499944,0
0.2634105824214787,0.26869376289193825,0
0.26970445282240285,0.26920965396954705,0
0.26809763021675853,0.27081497587006326,0
0.2753046975968042,0.2709871131839304,0
0.27369203117648827,0.2718737129850817,0
0.2747013168072372,0.27474285631766476,0
0.27733849566656216,0.2747558615296963,0
0.28882121161095614,0.2802998254879909,0
0.2929033256740249,0.28353838902536094,0
0.2977689891044469,0.28536124914571726,0
0.29993820012155115,0.28917930746693365,0
0.3023218088702776,0.2896261219337308,0
0.3029682554441623,0.288919729392711,0
0.3018131930674595,0.2905515006287284,0
0.3056415139275367,0.29454944864386773,0
0.305034437048013,0.2929379886507153,0
0.3028532392587359,0.29442490962166634,0
0.30587893115985476,0.29315965968387625,0
0.3020353636452318,0.2932371686553753,0
0.30409875968523475,0.2956063884429777,0
0.306707888529488,0.29739105746343064,0
0.3070234678994893,0.2975006127604529,0
0.3061650650194801,0.2981029651912846,0
0.3095769430866522,0.2974888083589241,0
0.3090274246849651,0.2983355630127737,0
0.30616300055887136,0.29674661106605005,0
0.306917114478506,0.29482094407662135,0
0.30366338215869704,0.30392172308627613,0
0.3062035269140518,0.30555151337916164,0
0.3059985740052494,0.2980401274714031,0
0.3092941521742296,0.30167810554999314,0
0.31077041524549415,0.2953743166858379,0
0.31215731948209213,0.29836703094468975,0
0.31065936891283236,0.29946447126828596,0
0.31171784407729264,0.2999122272243624,0
0.29931810115717006,0.30266705826668194,0
0.2894115910596168,0.3055501399344651,0
0.29969941082925355,0.30562692364487254,0
0.300244326484011,0.3115675923429637,0
0.3067357392059121,0.31520295468364556,0
0.30947877029988896,0.3133929338694436,0
0.3148119399796895,0.31068380770645804,0
0.31309957105969033,0.3098496421987738,0
0.30866689070788406,0.314541170321524,0
0.29371965067243677,0.30430126987271844,0
0.28783105189765956,0.304708819981854,0
0.2831394960702462,0.30146328552288104,0
0.2825086894056259,0.29902454024523933,0
0.2843139738516551,0.308612726400918,0
0.2889556524344885,0.3121564887469972,0
0.287897881993477,0.3132782889854775,0
0.27729950591694313,0.3128367677996555,0
0.2613157987323561,0.2941463374909702,0
0.25951857242003373,0.285755935988744,0
0.2582503888308237,0.2826320540027484,0
0.2590583185720024,0.2803924281231787,0
0.2492873183752277,0.2774863091479504,0
0.24738515138850953,0.2745300314068171,0
0.24170204483782398,0.26758516490602374,0
0.2549337960639169,0.2685484376955067,0
0.25746593195884127,0.2642077834865985,0
0.25845010196409307,0.2619405729901033,0
0.25279721809905403,0.26082590368178915,0
0.24920061328788715,0.2594963969446254,0
0.25009815597247176,0.25565756908434073,0
0.25569868859168277,0.2521255740403875,0
0.2623297238695975,0.2595345531809352,0
0.267256250301109,0.2582626158379022,0
0.26994054041883714,0.2575158417696132,0
0.27434029524904074,0.25760443357343266,0
0.2746434609307746,0.25977357129849615,0
0.2740731923346512,0.26354166325164574,0
0.2739783246551818,0.2652284208838135,0
0.27555361487236385,0.26665210541048284,0
0.27966556695743855,0.2645509990541916,0
0.2793574357722334,0.26567589935252467,0
0.2773894483829334,0.26498124945752555,0
0.28169333904715166,0.27194354538743715,0
0.2849150270417518,0.2712358131311437,0
0.28400514017736983,0.2698951404389183,0
0.2820328065934307,0.2685922580416809,0
0.27818928306574636,0.2660791205500524,0
0.2799094109698258,0.26827887913369686,0
0.28345046522581063,0.2695574053384246,0
0.28695695562828843,0.27049292918291656,0
0.29165797454005327,0.2727595940300546,0
0.29426969739647874,0.27561723497659524,0
0.29201028152663644,0.27870011243517034,0
0.2956925934378979,0.2792772627639091,0
0.2983207532774792,0.28431097991252496,0
0.2984505043645087,0.28435415275986914,0
0.301766138822622,0.2870279856076208,0
0.3070601327587952,0.28440237026736925,0
0.314782676130501,0.2874289371605928,0
0.3163305215555152,0.2921936332260695,0
0.31507762844931675,0.30159682682674943,0
0.3126960947531767,0.3013076944808781,0
0.3086095801217918,0.30073087617533195,0
0.31159376017177237,0.2965894612884553,0
0.3003681990057666,0.2885863908625975,0
0.3071805679777588,0.28664283747569197,0
0.30675435338495055,0.28559803581096876,0
0.30909026777372306,0.28519351183080743,0
0.3096101160329565,0.286155369749939,0
0.30315027884900486,0.29193506251488976,0
0.30229833041302556,0.2995596289712338,0
0.2996773313734723,0.301764036323778,0
0.3034526151248836,0.3003589605154354,0
0.30267509095168804,0.306357902702849,0
0.3030223166579277,0.3062156966078758,0
0.29628281924505057,0.3068590096821538,0
0.2995145379347045,0.3059344940528209,0
0.29880253688625946,0.30594365309272686,0
0.29788749587718255,0.30893348147229927,0
0.30524228129957254,0.31158213210503577,0
0.3107461300723271,0.3170410996923985,0
0.3094042348032973,0.31248967642272946,0
0.30850634517417663,0.3160044443400949,0
0.3038332842797766,0.3104830228737949,0
0.29970528317615847,0.3107808306522942,0
0.2963784506510369,0.3130389057419642,0
0.29757848612518756,0.31304267108724804,0
0.2969150263040772,0.31465223279383364,0
0.29935769796999673,0.31395124653588874,0
0.3024528225138614,0.3126619498472687,0
0.3005979926999067,0.3120855509512724,0
0.28972598532748955,0.31265088098914834,0
0.28081780735522766,0.3082348390997779,0
0.2762754840856334,0.3041016505534292,0
0.27561821783153106,0.2949343122222642,0
0.25799371861175446,0.29365279355284396,0
0.2483482704501069,0.2878195372733484,0
0.23903960064796834,0.2825088211513152,0
0.2332674352372078,0.28002666722097685,0
0.22567639559766975,0.2692565446019755,0
0.22442225895192847,0.26353371297473943,0
0.2265943401261972,0.256724614230093,0
0.23044433275989643,0.26444269539370074,0
0.23617660234069696,0.26886574934061463,0
0.23847008079389687,0.27036008058116284,0
0.23905048317066277,0.27503061346854357,0
0.09510058054074996,0.18955779712859563,1
0.0895031953092138,0.21138014377012657,1
0.08529015395115645,0.2139935699399515,1
0.08649276180142086,0.21518466230248762,1
0.08093290362776161,0.20563547373013683,1
0.0882939278355152,0.20214559578257102,1
0.0836304489017941,0.19869683373423747,1
0.08087166090052922,0.19784121745457958,1
0.08297778692593387,0.20235282741162747,1
0.07901353269994944,0.20335322010546103,1
0.08149665189566715,0.20710577688584145,1
0.08451532383290727,0.21569094568823519,1
0.08400609837849861,0.21676349355977942,1
0.08728636807161914,0.22007417305603894,1
0.09554784069097473,0.21552387658081312,1
0.09907353286892047,0.2066636876864961,1
0.09994470243736807,0.2072036656629053,1
0.09635828534305188,0.2111226406312464,1
0.09698248917873913,0.20970102015653602,1
0.09453645786202734,0.2099604966021175,1
0.09485925354382077,0.20865833442247134,1
0.09469096817348643,0.20938868244036724,1
0.08741186685198661,0.21061978614335705,1
0.08598770163597252,0.20842126342570055,1
0.08847495447991616,0.21059793639373678,1
0.08722636102641741,0.2072178857598615,1
0.09092656518976915,0.2073664505136307,1
0.09198898355674125,0.20720919741609672,1
0.08982320763900603,0.20616998028840877,1
0.08858059888354479,0.20948226549992421,1
0.08851152403179145,0.21181593678990204,1
0.08855534200746996,0.21326232658848904,1
0.0845600695916069,0.21154798261562074,1
0.08807206848341079,0.20867150429852432,1
0.09303748507898459,0.21121974249291384,1
0.09133498717061983,0.20726899629759693,1
0.09128495742467221,0.19929531897264463,1
0.09173127420575611,0.1985153909670405,1
0.09659386511523245,0.19587163292887919,1
0.09443516704477499,0.20252012005305506,1
0.09410571270963783,0.21388048166223433,1
0.09446605623742949,0.21498659506307796,1
0.09384298156140511,0.20832256398276366,1
0.09843801009465293,0.21880309263528833,1
0.10140694722381494,0.21809349984478107,1
0.09780816177337534,0.21805471039557697,1
0.091442927309938,0.2163827756973512,1
0.09214938366443161,0.21637703437114292,1
0.08249656327542707,0.21554170398734174,1
0.0923774989241171,0.21190917260376313,1
0.09461446271764642,0.21724518209857932,1
0.08948872110866284,0.2138012412168485,1
0.08478301437785682,0.2021446229017813,1
0.08461314380925052,0.19957152230652486,1
0.0806900165131292,0.1969550817545528,1
0.07997075925398363,0.20101247570620934,1
0.08519089210473481,0.20626515858273917,1
0.08461749778262259,0.2047683057649506,1
0.08757440622696938,0.2027732781895872,1
0.09256238813472295,0.20718486690925766,1
0.08871463357986678,0.21689036331607567,1
0.08709171236064145,0.22280290495003569,1
0.08740331624032369,0.22449486446511813,1
0.09777536349694439,0.22627713613971082,1
0.09254291346412963,0.22591360844904024,1
0.08932778738953252,0.22643889467487174,1
0.07800934989906629,0.22335530376275656,1
0.07981194008649484,0.22742882767957126,1
0.07485623724456719,0.23563569350952077,1
0.09556677954087985,0.22962114262291464,1
0.0924191437551361,0.0768076191505494,1
0.08029134792244062,0.04543348220033246,1
0.07568697549251989,0.05018131224935452,1
0.09239534812177941,0.0830809346594162,1
0.09136806835856374,0.09900358791658569,1
0.08919605193294768,0.15453712123211572,1
0.0867651645023672,0.18846399355213242,1
0.08175412067542157,0.19712896371958116,1
0.08487914835246253,0.21072408704240583,1
0.08115716936675442,0.21741996648556589,1
0.08555352445143255,0.2178077091871807,1
0.08761724289077738,0.21394321403459812,1
0.08871146559260897,0.219577073022871,1
0.09641564698466205,0.2287259839783043,1
0.09093853611736812,0.22850390047522928,1
0.08930447489788908,0.22702560413040193,1
0.08353169062877784,0.22902838327322933,1
0.0838050097913133,0.2294848491332364,1
0.09304017194812346,0.24068229006895667,1
0.08748971528144905,0.24302873601990937,1
0.0873619170490549,0.23621975600499157,1
0.08872025869863948,0.2350451067856496,1
0.09372996353095327,0.23431583539189368,1
0.09010915948818422,0.2310362645129462,1
0.08567292352983005,0.22818730222085187,1
0.0937293599691444,0.2336188107407564,1
0.08391976177991814,0.23424645836705818,1
0.09350670001859708,0.23754954709277898,1
0.08341253912524443,0.22728858174272418,1
0.08649955299292207,0.21682336920457362,1
0.08861853276140433,0.2185295069946187,1
0.09590023321160249,0.22073829461497926,1
0.09916119683776352,0.22739621278890537,1
0.09620438970816966,0.22497003873637608,1
0.08806634627287882,0.22522867114465295,1
0.09419032802890606,0.22493113015643612,1
0.0974233630693862,0.2264446775546931,1
0.10960815785743996,0.2256739100833342,1
0.10399395319902485,0.2233865585131337,1
0.10317194227213555,0.21665042381909486,1
0.10245180336456834,0.20620273684598725,1
0.1064866197309647,0.1971624220520008,1
0.08899286515358154,0.19767610702829613,1
0.09365289671181706,0.21220537159196734,1
0.09291358109417161,0.21426813979704087,1
0.10746795931092372,0.212905694692159,1
0.10272867573222523,0.2140705031317585,1
0.0981221286480616,0.2169492279653571,1
0.09975696711371379,0.21625634420653672,1
0.0900256479929154,0.22528867248421708,1
0.09809046516845715,0.22461568777370397,1
0.09841964270268472,0.22730024757845174,1
0.09803027318863645,0.21658090349711184,1
0.104787255096934,0.21404532512829363,1
0.09249009541567699,0.21568923887325706,1
0.09510796204437057,0.21903706777701046,1
0.09393418961772615,0.21867452820698552,1
0.09342804698570048,0.21780431495844846,1
0.0927255724353291,0.2190499437084007,1
0.09415268547841144,0.21890540108574938,1
0.09768815502425554,0.21858991012630608,1
0.09728279930719562,0.19864826340367656,1
0.09327687892885667,0.2073432970923811,1
0.08588751733021376,0.21837210631454876,1
0.10170576538614821,0.22907025088505695,1
0.08746440837916729,0.22733539523086305,1
0.08564619480912877,0.22742600356768114,1
0.0758699438345277,0.23122280873492815,1
0.08859910349692886,0.22007188765073965,1
0.09476632698574204,0.21515320367278415,1
0.094553729660413,0.2068617400683867,1
0.10183048519461241,0.21059721531408182,1
0.08738698829340583,0.20919314514844276,1
0.08677673158710086,0.22046285467087035,1
0.086153046356681,0.21769766041083052,1
0.09684163848227596,0.20663564896040112,1
0.10179807135904143,0.20548303826471068,1
0.09606943422156895,0.16996254157977156,1
0.09874780634537304,0.24571921927943025,1
0.12897789056905243,0.27331023348045,1
0.14222453915567693,0.28617747739710026,1
0.14341092174268935,0.2973303045746341,1
0.13741071414495618,0.30232590930115155,1
0.11352592645587514,0.3006094938885666,1
0.09457690802870157,0.28641404792064507,1
0.09196943315384694,0.23362568957123955,1
0.08183566377063754,0.2164901103803228,1
0.08447560979819857,0.220522777510293,1
0.08938526216559305,0.21875158999111566,1
0.09320939916772225,0.21523580955356725,1
0.10146395187018764,0.21772325407037332,1
0.09765044481574645,0.21799407696080156,1
0.09065535395831985,0.216832387406976,1
0.09010332960988628,0.20771366454343723,1
0.1129223339489505,0.11829866589239535,1
0.10325311748891168,0.047709434284585545,1
0.10084671461237317,0.03958772767898535,1
0.10070001361337087,0.08316213184984554,1
0.10056937894200443,0.09576561545934165,1
0.09326080370309803,0.15855574554801877,1
0.10095425524562299,0.17484471579185348,1
0.09102315780420696,0.18055964851815096,1
0.09314084978190289,0.18710874262549493,1
0.09430599087962799,0.19324576078128916,1
0.09183264514761257,0.20127460301850572,1
0.09816745321249115,0.20931845363497167,1
0.09638079474532069,0.21293045172761885,1
0.09473748606316904,0.210188448846158,1
0.08724526148079743,0.21725166027911877,1
0.08820271520900973,0.22232897919814978,1
0.08624614860118382,0.2221279628790455,1
0.08740309284618727,0.22477853286591282,1
0.08667835918766509,0.22395125915046632,1
0.08665594139694781,0.2259399536691211,1
0.08816465640529354,0.23225738480680405,1
0.08860128467483683,0.23385315552489885,1
0.0837691798769058,0.22959916285838877,1
0.0825986365739956,0.21698577761212168,1
0.07225568166678233,0.22546999819184146,1
0.07461879123637373,0.22524740992426356,1
0.0741147843332906,0.23605940445481588,1
0.07234155824056991,0.23062083811933173,1
0.07403989745578177,0.2329369581640409,1
0.07637490424905556,0.23019892899834088,1
0.07431940242298975,0.21772196600790758,1
0.08269356881541025,0.22102082335942946,1
0.09072409884492498,0.2127361207611776,1
0.09581932553360961,0.2030523707986736,1
0.08939943663801897,0.2054855010299027,1
0.0916376952757993,0.2081743514234008,1
0.1056454586664831,0.21418476812674217,1
0.09360275844651003,0.20752579550268815,1
0.09649036060030398,0.20759455649589154,1
0.08921823970699617,0.20275543016523614,1
0.0997924171797318,0.20649693999210628,1
0.10064602493075613,0.20821260164823538,1
0.09944840682870942,0.20813904226087887,1
0.0939989959012611,0.210630947062468,1
0.08976226597051329,0.21373330805491686,1
0.09352423907223766,0.21255795577999861,1
0.09300202420718157,0.21551956525353175,1
0.08819782258702986,0.20785343141155369,1
0.0982324641316677,0.2079550667241478,1
0.0952683662263095,0.20887444843957753,1
0.09683405358712037,0.213722992737076,1
0.09678452099231655,0.2187937695889399,1
0.09956352003090774,0.21770188514833463,1
0.09015959655711123,0.21362666478426953,1
0.08944089575948246,0.2144210425185446,1
0.08393592369174468,0.2112601074817563,1
0.07959920193094813,0.20548040676882212,1
0.08187897314907194,0.20249609486654402,1
0.08757649494100088,0.20179029866851078,1
0.07671275153077863,0.2112535871595866,1
0.08071014678630267,0.20695381416005718,1
0.07703004876383371,0.20373396802523688,1
0.08763441380339584,0.20398626356741562,1
0.08332526784197043,0.19884897518746064,1
0.08084259576593138,0.2125236014614747,1
0.07926060145726799,0.2214844587655995,1
0.07465082746338965,0.22595944062226253,1
0.07790452861624984,0.2308834607317238,1
0.07531355277630782,0.23050142448275004,1
0.0765928177363276,0.22885951050707287,1
0.06320760858982918,0.22720765662212186,1
0.0838365306939389,0.2259463839718058,1
0.08255798074340669,0.2221716114097958,1
0.07767621563063361,0.22801529546272625,1
0.06696622815604797,0.22877948437878898,1
0.06690385725771314,0.22253797531600134,1
0.0922575108347439,0.2261642094343796,1
0.09402607112621095,0.23442786235524857,1
0.10011100996804627,0.2412760914791279,1
0.09422384043436635,0.24742638031566971,1
0.108205415721111,0.2540702833949636,1
0.09830321236929103,0.24632489504677574,1
0.10176923199839959,0.24749072301767208,1
0.10867701150494855,0.2519562748576822,1
0.10199471066870039,0.25683975286123906,1
0.11129618080412494,0.2577932829929564,1
0.11582522598467983,0.25949580493143126,1
0.10508568032193553,0.26445390459862256,1
0.10731414560691092,0.2514457760702449,1
0.08715860144576662,0.18683050626550568,1
0.0867609891462747,0.201624254029607,1
0.08837487664486438,0.211456176090634,1
0.0857153056463042,0.2121316643249619,1
0.08300322499494586,0.20645890399530042,1
0.08274288179401927,0.19994372922308762,1
0.08281572358131814,0.19752623123252444,1
0.08860900938723051,0.20876412365265454,1
0.08723977075479944,0.21425834699580928,1
0.09227465166803483,0.21433346969108208,1
0.08576852907373629,0.22016939465498073,1
0.08207913708451348,0.21966379778594067,1
0.08520663577167932,0.2203776536666265,1
0.08115171369886108,0.22178979190486453,1
0.08003808713712084,0.22123799605770453,1
0.08545384471743679,0.21831768468438753,1
0.08676860635720862,0.2205544315299152,1
0.0672807567894799,0.08141572020927901,1
0.07246976050760812,0.059082307961156114,1
0.07321252739147815,0.08217257800971256,1
0.07797297639590216,0.08930541595023865,1
0.0866585950338084,0.14239107276477572,1
0.09152666507885451,0.1534340891318799,1
0.09200749082047156,0.1744798929043979,1
0.08853298472711894,0.18497787047442882,1
0.09019004103002472,0.19505233021734844,1
0.0896632426635642,0.19289489263042936,1
0.08792581079645936,0.196622666777212,1
0.08993433966673796,0.19508893715184158,1
0.08913831150414306,0.19748134085819843,1
0.08730012163213338,0.1946603011391436,1
0.09058404513160226,0.1980994764515889,1
0.09028417745375805,0.20371290712166673,1
0.09097700386638093,0.20335359384235635,1
0.08912365824817198,0.20934389076417192,1
0.0921671327165545,0.2230236451565505,1
0.09539858948997494,0.22616842491658268,1
0.09739648620656377,0.2379074659589572,1
0.09546568553805344,0.23831712544501585,1
0.08558674486441474,0.2299810629334392,1
0.2631961861356079,0.2662908898998701,2
0.20441300752713895,0.11346180039413496,2
0.2193112771319511,0.11281333903146228,2
0.2220941556055653,0.11086297719059263,2
0.2276900226792371,0.1169458889015366,2
0.22578282496464136,0.11162467719975759,2
0.2220066966329195,0.10925088104153345,2
0.222796226211804,0.11442103572192361,2
0.22086189947224014,0.12550998778486222,2
0.221501717754576,0.12334129971839293,2
0.22034371760811583,0.12517360423908175,2
0.22054373500649094,0.11672396996644188,2
0.21589295628704488,0.11611573942698476,2
0.2156538804801141,0.12141218115309574,2
0.22084410271399735,0.12810944479671685,2
0.22146606820161813,0.12750035547569463,2
0.2208121243557469,0.1303077935492442,2
0.21662967733659233,0.11645182231806045,2
0.21493434636841285,0.11685191889231586,2
0.20934332693259514,0.1135484709397402,2
0.21294158223222162,0.09834154082904792,2
0.21683839591643708,0.11017959916832658,2
0.2171792365083213,0.11684528705511658,2
0.2216957691054991,0.10897184582517476,2
0.2217592425139895,0.11708479447011584,2
0.21993640702498304,0.12006763350965395,2
0.2202400514832455,0.12001124468734259,2
0.22652352370128492,0.12065834494408265,2
0.22368730461761732,0.11541337549152005,2
0.22463475335542124,0.12239935055101928,2
0.22102520021609834,0.12623593591412322,2
0.21015426941136062,0.12038312505474773,2
0.2022396903947609,0.12203505867259497,2
0.20352533780829046,0.12325414709581058,2
0.20417747748255888,0.12728068915907312,2
0.20239071371781317,0.1278015559967084,2
0.20417126325518378,0.13230540318424272,2
0.203620015684608,0.1319379389872947,2
0.20413657713983574,0.1352396635538048,2
0.2050063760756374,0.13145666128726974,2
0.204100175372233,0.13384629305473744,2
0.20347718669121673,0.13151585398178156,2
0.20174372042937622,0.13428479344597777,2
0.18814353305640327,0.13228179045742317,2
0.16205130408455287,0.13373216326965662,2
0.15584975192570907,0.1364666042092287,2
0.17477655295478325,0.1421838483163201,2
0.18490710735724308,0.13672188783656053,2
0.18291675195140472,0.14254202933034812,2
0.19978572755402155,0.13732743535845424,2
0.19588337443235812,0.1403700510950881,2
0.19306844550904934,0.13578413892648064,2
0.19934507376857616,0.14057880106432386,2
0.20334251537853576,0.13815871753970405,2
0.21158908460529233,0.13697235931315488,2
0.21708095239212433,0.14122149912557944,2
0.21846250791868718,0.1359998750853283,2
0.21414626212187618,0.13869336926676207,2
0.21354871199294256,0.14055704340186734,2
0.21303754363220062,0.1434915480096493,2
0.21535753258240603,0.14528081215201802,2
0.21736196880772932,0.14056686841005486,2
0.21322243688600565,0.1429895384908636,2
0.20916704396549166,0.13526172645357643,2
0.21381770327926833,0.13531970345067185,2
0.20768738476604706,0.13650565755144745,2
0.20919270425338973,0.13572980159707437,2
0.20390988076690603,0.13606797131447698,2
0.20815362049523062,0.13930683937655242,2
0.20611148292557294,0.14066708633237246,2
0.21183199023066931,0.13498002356705555,2
0.2058058783949041,0.13588850613839867,2
0.19933311321301517,0.13368805813341073,2
0.20227559992204575,0.13869160067668937,2
0.20126288552135077,0.13901168135324657,2
0.20552206503536893,0.13931801429982169,2
0.20152771339625367,0.13818066186564149,2
0.19764831261091328,0.1423348146846726,2
0.1957577072462145,0.1294116249904066,2
0.18949083101696665,0.15350676822202147,2
0.1869029347660501,0.14726833616907647,2
0.18206924593394186,0.146074104811053,2
0.17274813385845553,0.14363253917503846,2
0.17268496581136497,0.14072823302684062,2
0.16412384686239614,0.13267777009154913,2
0.1447173519878479,0.1493408828768238,2
0.16732076025903234,0.1544401624595337,2
0.16931259583601002,0.15267353664442393,2
0.15303315591562894,0.15631478307669677,2
0.179482839143803,0.1566910642530272,2
0.18353449748102105,0.15655169427079466,2
0.19021830907845677,0.16010389235372732,2
0.19363624908407664,0.15586302713725175,2
0.19247966864892174,0.15382127389290834,2
0.18795005492397657,0.15040583291493412,2
0.19294389843407325,0.1496721916537149,2
0.18991787184358114,0.15534022876190012,2
0.19554291528177248,0.15754279804963847,2
0.19571241548498167,0.15282189820353018,2
0.1936512447947779,0.15196387061278024,2
0.17992079980338907,0.15214237876401934,2
0.1932789490365744,0.14681706014344564,2
0.19040308629839645,0.14073758272393336,2
0.18919142643085168,0.1389707324569905,2
0.19213447112595122,0.1348077077858052,2
0.19630238491507757,0.13475191988268403,2
0.20489543215794273,0.1475340977297276,2
0.20854994860496245,0.1329274522253727,2
0.21191367234929098,0.12157655856532025,2
0.20922015007073697,0.1238386305295328,2
0.21030562982315804,0.12070354802133945,2
0.2131627379109354,0.13342665583599014,2
0.21547579660965438,0.1347741922909986,2
0.22209418464825342,0.12146675304888663,2
0.22299327204833003,0.12417860220819137,2
0.190066112587861,0.136206409710969,2
0.1935675848254588,0.14218646086704012,2
0.19809589491173718,0.14460966010630985,2
0.20250811279128117,0.1520545331190964,2
0.20494828062626774,0.15100157298501748,2
0.20572968875591893,0.15680686229733395,2
0.2046241047305599,0.15502386166493695,2
0.20625617446092223,0.15212012727960253,2
0.1989495074220703,0.1567815202479827,2
0.20115702009144223,0.15351987993392657,2
0.20460045615762784,0.15009585404376577,2
0.20268058020103116,0.15065495195937556,2
0.21067119224832231,0.14806620888301134,2
0.2074729118858771,0.14592625589573488,2
0.2039602641183534,0.14974887715312418,2
0.19689819717331083,0.14360639915877027,2
0.1975294858561122,0.15291197185414357,2
0.18781987160927213,0.1543379920192096,2
0.19312131410379932,0.1520524110883214,2
0.19249986264960173,0.1599099242057954,2
0.18909688034594216,0.14621868014699957,2
0.19151190372651086,0.14967638361927801,2
0.20063674838969148,0.14490611132834869,2
0.1965397024060718,0.15003427593490587,2
0.19180444472282826,0.14697054420573724,2
0.19400052813740193,0.13821081811293887,2
0.19271080480749536,0.12875355249300482,2
0.193923542169205,0.12707365593413383,2
0.19860094602552072,0.13265996673724575,2
0.19662258223337814,0.13292180776151724,2
0.1912117549502953,0.1253801070009958,2
0.1759481771085619,0.12170989620997216,2
0.16592066333777955,0.11997713385326642,2
0.15144424060819237,0.10578486865961717,2
0.14250929596787104,0.12118316295819175,2
0.14324018946211453,0.10961691010354709,2
0.14668078952314137,0.11384922641342271,2
0.1546634820328295,0.12310872389418656,2
0.16051147716576916,0.1261004358740421,2
0.16349494466232548,0.1251197754795369,2
0.16357706886530451,0.13173861324738417,2
0.17299176988184672,0.1311342685409952,2
0.17220775686578044,0.12335735861677143,2
0.171378524094472,0.1305445944334528,2
0.18385745917081608,0.1259901397742361,2
0.18999434710135465,0.1272536686225568,2
0.1983117026013726,0.1235349030826955,2
0.20164011985134137,0.12370737561889357,2
0.20567257112094195,0.11134717909840433,2
0.20234952488460042,0.12530467798380238,2
0.208282581260429,0.11913982675840813,2
0.20568008369907848,0.11843276034672218,2
0.21613863300645375,0.12142668789724906,2
0.21435363913056632,0.12822459942781245,2
0.21482646723439464,0.133220661469293,2
0.21679056053785176,0.1362736133833732,2
0.21096940931969982,0.12917906185088024,2
0.20830854605583463,0.1342974034885599,2
0.20582524261780777,0.13512187280816054,2
0.20712144869351262,0.13939189150033934,2
0.20383202452307828,0.1410385717657868,2
0.19478053396994036,0.1431196293020785,2
0.19364457406163046,0.14541911520558565,2
0.18197543183603365,0.13967064627929326,2
0.18191883384378416,0.13971156023009879,2
0.1788029727471316,0.12389988267714155,2
0.1859415632081474,0.13136013483543282,2
0.18686678531474799,0.13098327402222407,2
0.1884851813654538,0.11717677839844444,2
0.18423541976129426,0.1148104086758782,2
0.18561644186594678,0.12362028896171076,2
0.17076274928742327,0.13843425408468674,2
0.17689270037033733,0.1485671696607693,2
0.1790215616992728,0.14784613431237995,2
0.18547056618765637,0.1344366652334737,2
0.18045801127431257,0.13796944023388866,2
0.1893393023369705,0.1401840707417348,2
0.18365113528503899,0.1518847425651358,2
0.18381530089074027,0.1481919430853389,2
0.17527566726254923,0.14000043541395682,2
0.16266906825225855,0.15308948161376937,2
0.16402454342732764,0.1320546394061921,2
0.16676796506519628,0.11296517767892922,2
0.1804158061782434,0.12516681070672414,2
0.1941886826078521,0.1408698922716799,2
0.18809205308574303,0.13955046694752313,2
0.19857914290276132,0.16030916787558966,2
0.19554684828682825,0.15310760490949682,2
0.18997925164477847,0.1531702517977052,2
0.18993511117507927,0.1557444714686973,2
0.21322904421023317,0.15687025507339578,2
0.20559440675116925,0.15386092702963405,2
0.19883087071483213,0.14515849171508252,2
0.20668481885797632,0.14194868332992294,2
0.2096684756785019,0.14189270698617348,2
0.20882704184255754,0.14058120838519753,2
0.2061565764619802,0.13859603997521294,2
0.20668853269070978,0.14355919653474583,2
0.21229800761127982,0.13631358190357215,2
0.20561193309647474,0.14012843802108324,2
0.1867571636673078,0.12615029205893957,2
0.17242712807753816,0.12746925746617263,2
0.18391998430335776,0.1165075563303046,2
0.18371779484501033,0.1279264259066944,2
0.17321868533851242,0.12129764768649062,2
0.16040940275351323,0.11762679170067117,2
0.15930172728803038,0.11899794825387972,2
0.16735905466632983,0.14616055372514175,2
0.17864107292173162,0.14307040135590343,2
0.1869509810161417,0.14272314417744336,2
0.18628741968368648,0.1448576642826118,2
0.18186248036668368,0.13810472305695232,2
0.18364027369362895,0.14332817659499023,2
0.18530282574726983,0.1463534793179733,2
0.18350501369624456,0.1456897954223567,2
0.1842536581664746,0.1519805191315883,2
0.1845694960161758,0.15195168974215906,2
0.18629590060773907,0.15222413999274664,2
0.19005338075824244,0.14622582313528026,2
0.19119167213982713,0.14318815960731515,2
0.19061245135410648,0.13685204396419506,2
0.19521537030463665,0.12967564700627346,2
0.19330578223459957,0.13680018549236897,2
0.19120027564692843,0.1379412536775109,2
0.19270663831802107,0.13674315160645445,2
0.1915218648168008,0.13903242077808659,2
0.19035534180674069,0.13688502740179073,2
0.19113909569285067,0.1389376950210844,2
0.19052809641800625,0.13452396084622922,2
0.19558036652826652,0.13946706101390874,2
0.1929701113249943,0.13614498488300789,2
0.19927083549855013,0.13650150400626176,2
0.19323858928246068,0.14014520023651447,2
0.19360682822316821,0.14001435730529646,2
0.19005065959541229,0.13851121183523143,2
0.19425526822833578,0.15513683362462394,2
